Time,KDE accuracy
0.03,64.68373165048071
0.04,62.117194341362705
0.05,62.35401007564811
